{
  "$schema": "https://raw.githubusercontent.com/DotNetAnalyzers/StyleCopAnalyzers/master/StyleCop.Analyzers/StyleCop.Analyzers/Settings/stylecop.schema.json",
  "settings": {
    "orderingRules": {
      "usingDirectivesPlacement": "outsideNamespace"
    },
    "documentationRules": {
      "companyName": "Northcentral Technical College",
      "copyrightText": "Copyright (c) {companyName}. All rights reserved.",
      "documentPrivateElements": true,
      "documentPrivateFields": true
    }
  }
}