<?xml version="1.0"?>
<doc>
    <assembly>
        <name>ZooScenario</name>
    </assembly>
    <members>
        <member name="T:ZooScenario.BirthingRoom">
            <summary>
            The class which is used to represent a birthing room.
            </summary>
        </member>
        <member name="F:ZooScenario.BirthingRoom.Temperature">
            <summary>
            The current temperature of the birthing room.
            </summary>
        </member>
        <member name="F:ZooScenario.BirthingRoom.Mother">
            <summary>
            The mother animal which is to give birth.
            </summary>
        </member>
        <member name="F:ZooScenario.BirthingRoom.Doctor">
            <summary>
            The doctor for the birthing room.
            </summary>
        </member>
        <member name="T:ZooScenario.Animal">
            <summary>
            The class which is used to represent an animal.
            </summary>
        </member>
        <member name="F:ZooScenario.Animal.Age">
            <summary>
            The age of the animal.
            </summary>
        </member>
        <member name="F:ZooScenario.Animal.Gender">
            <summary>
            The gender the animal.
            </summary>
        </member>
        <member name="F:ZooScenario.Animal.HappinessLevel">
            <summary>
            The happiness level the animal.
            </summary>
        </member>
        <member name="F:ZooScenario.Animal.Name">
            <summary>
            The name of the animal.
            </summary>
        </member>
        <member name="F:ZooScenario.Animal.Type">
            <summary>
            The type of the animal.
            </summary>
        </member>
        <member name="F:ZooScenario.Animal.Weight">
            <summary>
            The weight of the animal (in pounds).
            </summary>
        </member>
        <member name="F:ZooScenario.Animal.Baby">
            <summary>
            A reference to the (unborn) baby animal.
            Always null for male animals. Null for mother animals that are not pregnant.
            </summary>
        </member>
        <member name="M:ZooScenario.Animal.GetIsPregnant">
            <summary>
            blah.
            </summary>
            <returns>frf.</returns>
        </member>
        <member name="M:ZooScenario.Animal.MakePregnant">
            <summary>
            Makes the animal pregnant.
            </summary>
        </member>
        <member name="M:ZooScenario.Animal.Eat(System.Double)">
            <summary>
            The eat method.
            </summary>
        </member>
        <member name="M:ZooScenario.Animal.Bark">
            <summary>
            A new method.
            </summary>
        </member>
        <member name="M:ZooScenario.Animal.StashInPouch">
            <summary>
            A new method.
            </summary>
        </member>
        <member name="T:ZooScenario.Booth">
            <summary>
            The class which is used to represent a booth.
            </summary>
        </member>
        <member name="F:ZooScenario.Booth.Attendant">
            <summary>
            The employee currently assigned to be the attendant of the booth.
            </summary>
        </member>
        <member name="F:ZooScenario.Booth.TicketPrice">
            <summary>
            The price of a ticket.
            </summary>
        </member>
        <member name="T:ZooScenario.Employee">
            <summary>
            The class which is used to represent an employee.
            </summary>
        </member>
        <member name="F:ZooScenario.Employee.Name">
            <summary>
            The name of the employee.
            </summary>
        </member>
        <member name="F:ZooScenario.Employee.Number">
            <summary>
            The employee's identification number.
            </summary>
        </member>
        <member name="T:ZooScenario.Business_Classes.Guest">
            <summary>
            The class which is used to represent a guest.
            </summary>
        </member>
        <member name="F:ZooScenario.Business_Classes.Guest.Age">
            <summary>
            The age of the guest.
            </summary>
        </member>
        <member name="F:ZooScenario.Business_Classes.Guest.Name">
            <summary>
            The name of the guest.
            </summary>
        </member>
        <member name="F:ZooScenario.Business_Classes.Guest.Wallet">
            <summary>
            The guest's purse.
            </summary>
        </member>
        <member name="M:ZooScenario.Business_Classes.Guest.RemoveMoney(System.Decimal)">
            <summary>
            Removes a certain amount of money.
            </summary>
            <returns>rgr.</returns>
        </member>
        <member name="M:ZooScenario.Business_Classes.Guest.GetMoneyBalance">
            <summary>
            A new method.
            </summary>
            <returns>fbh.</returns>
        </member>
        <member name="T:ZooScenario.Business_Classes.VendingMachine">
            <summary>
            The Vending machine class.
            </summary>
        </member>
        <member name="F:ZooScenario.Business_Classes.VendingMachine.FoodPricePerPound">
            <summary>
            The price of food (per pound).
            </summary>
        </member>
        <member name="F:ZooScenario.Business_Classes.VendingMachine.FoodStock">
            <summary>
            The amount of food currently in stock (in pounds).
            </summary>
        </member>
        <member name="F:ZooScenario.Business_Classes.VendingMachine.MoneyBalance">
            <summary>
            The amount of money currently in the vending machine.
            </summary>
        </member>
        <member name="M:ZooScenario.Business_Classes.VendingMachine.AddMoney(System.Decimal)">
            <summary>
            The method for adding money.
            </summary>
        </member>
        <member name="M:ZooScenario.Business_Classes.VendingMachine.SellFood(System.Decimal)">
            <summary>
            The method for removing money.
            </summary>
        </member>
        <member name="M:ZooScenario.Business_Classes.VendingMachine.DetermineFoodCost(System.Double)">
            <summary>
            Param.
            </summary>
            <returns>t.</returns>
        </member>
        <member name="T:ZooScenario.Business_Classes.Wallet">
            <summary>
            The class which is used to represent the wallet.
            </summary>
        </member>
        <member name="F:ZooScenario.Business_Classes.Wallet.MoneyBalance">
            <summary>
            The amount of money currently contained within the wallet.
            </summary>
        </member>
        <member name="M:ZooScenario.Business_Classes.Wallet.RemoveMoney(System.Decimal)">
            <summary>
            Removes a specified amount of money from the wallet.
            </summary>
            <returns>ve.</returns>
        </member>
        <member name="T:ZooScenario.Restroom">
            <summary>
            The class which is used to represent a restroom.
            </summary>
        </member>
        <member name="F:ZooScenario.Restroom.Capacity">
            <summary>
            The maximum number of people allowed in the restroom at a given time.
            </summary>
        </member>
        <member name="F:ZooScenario.Restroom.Gender">
            <summary>
            The gender of the restroom.
            </summary>
        </member>
        <member name="T:ZooScenario.Zoo">
            <summary>
            The class which is used to represent a zoo.
            </summary>
        </member>
        <member name="F:ZooScenario.Zoo.Capacity">
            <summary>
            The maximum number of guests the zoo can accommodate at a given time.
            </summary>
        </member>
        <member name="F:ZooScenario.Zoo.FeaturedAnimal">
            <summary>
            The zoo's featured animal.
            </summary>
        </member>
        <member name="F:ZooScenario.Zoo.LadiesRoom">
            <summary>
            The zoo's ladies' restroom.
            </summary>
        </member>
        <member name="F:ZooScenario.Zoo.MensRoom">
            <summary>
            The zoo's men's restroom.
            </summary>
        </member>
        <member name="F:ZooScenario.Zoo.Name">
            <summary>
            The name of the zoo.
            </summary>
        </member>
        <member name="F:ZooScenario.Zoo.TicketBooth">
            <summary>
            The zoo's ticket booth.
            </summary>
        </member>
        <member name="F:ZooScenario.Zoo.BirthArea">
            <summary>
            The zoo's room for birthing animals.
            </summary>
        </member>
        <member name="F:ZooScenario.Zoo.AnimalSnackMachine">
            <summary>
            The zoo's vending machine which allows guests to buy snacks for animals.
            </summary>
        </member>
        <member name="F:ZooScenario.Zoo.Visitor">
            <summary>
            The zoo's current visitor.
            </summary>
        </member>
        <member name="T:ZooScenario.App">
            <summary>
            Contains interaction logic for App.xaml.
            </summary>
            <summary>
            App
            </summary>
        </member>
        <member name="M:ZooScenario.App.InitializeComponent">
            <summary>
            InitializeComponent
            </summary>
        </member>
        <member name="M:ZooScenario.App.Main">
            <summary>
            Application Entry Point.
            </summary>
        </member>
        <member name="T:ZooScenario.MainWindow">
            <summary>
            Contains interaction logic for MainWindow.xaml.
            </summary>
            <summary>
            MainWindow
            </summary>
        </member>
        <member name="F:ZooScenario.MainWindow.ComoZoo">
            <summary>
            Field that represents the Como Zoo.
            </summary>
        </member>
        <member name="F:ZooScenario.MainWindow.SanDiegoZoo">
            <summary>
            Field that represents the San Diego Zoo.
            </summary>
        </member>
        <member name="M:ZooScenario.MainWindow.#ctor">
            <summary>
            Initializes a new instance of the MainWindow class.
            </summary>
        </member>
        <member name="M:ZooScenario.MainWindow.newComoZooButton_Click(System.Object,System.Windows.RoutedEventArgs)">
            <summary>
            Creates the Como Zoo and related objects.
            </summary>
            <param name="sender">The object that initiated the event.</param>
            <param name="e">The event arguments for the event.</param>
        </member>
        <member name="M:ZooScenario.MainWindow.newSanDiegoZooButton_Click(System.Object,System.Windows.RoutedEventArgs)">
            <summary>
            Creates the San Diego Zoo and related objects.
            </summary>
            <param name="sender">The object that initiated the event.</param>
            <param name="e">The event arguments for the event.</param>
        </member>
        <member name="M:ZooScenario.MainWindow.InitializeComponent">
            <summary>
            InitializeComponent
            </summary>
        </member>
        <member name="T:ZooScenario.Properties.Resources">
            <summary>
              A strongly-typed resource class, for looking up localized strings, etc.
            </summary>
        </member>
        <member name="P:ZooScenario.Properties.Resources.ResourceManager">
            <summary>
              Returns the cached ResourceManager instance used by this class.
            </summary>
        </member>
        <member name="P:ZooScenario.Properties.Resources.Culture">
            <summary>
              Overrides the current thread's CurrentUICulture property for all
              resource lookups using this strongly typed resource class.
            </summary>
        </member>
    </members>
</doc>
